step,Cars,EuroSAT,RESISC45,GTSRB
1000,0.8569829623181197,0.71,0.9049206349206349,0.9382422802850356
