step,Cars,EuroSAT,RESISC45,GTSRB
1000,0.8706628528789951,0.7451851851851852,0.9347619047619048,0.9269992082343627
