step,Cars,EuroSAT,RESISC45,GTSRB
1000,0.7765203332918791,0.6881481481481482,0.9061904761904762,0.9500395882818685
