step,Cars,EuroSAT,RESISC45,GTSRB
1000,0.8609625668449198,0.6029629629629629,0.8928571428571429,0.8218527315914489
