step,Cars,EuroSAT,RESISC45,GTSRB
1000,0.7527670687725407,0.5270370370370371,0.8679365079365079,0.9019794140934283
