step,Cars,EuroSAT,RESISC45,GTSRB
1000,0.7913194876259172,0.7318518518518519,0.9258730158730158,0.9385589865399842
