step,Cars,EuroSAT,RESISC45,GTSRB
1000,0.027359781121751026,0.35814814814814816,0.16444444444444445,0.9254156769596199
