step,Cars,EuroSAT,RESISC45,GTSRB
1000,0.6573809227707996,0.6203703703703703,0.806984126984127,0.7853523357086303
