step,Cars,EuroSAT,RESISC45,GTSRB
1000,0.7915682129088422,0.9655555555555555,0.9296825396825397,0.9801266825019794
