step,Cars,EuroSAT,RESISC45,GTSRB
1000,0.8658127098619575,0.572962962962963,0.9203174603174603,0.9600158353127475
