step,Cars,EuroSAT,RESISC45,GTSRB
1000,0.7676905857480413,0.7240740740740741,0.8695238095238095,0.9271575613618369
