step,Cars,EuroSAT,RESISC45,GTSRB
1000,0.8767566223106579,0.9807407407407407,0.9428571428571428,0.9828978622327791
