step,Cars,EuroSAT,RESISC45,GTSRB
1000,0.8643203581644074,0.7274074074074074,0.9311111111111111,0.9566904196357878
