step,Cars,EuroSAT,RESISC45,GTSRB
1000,0.8490237532645193,0.5944444444444444,0.8933333333333333,0.9365795724465559
