step,Cars,EuroSAT,RESISC45,GTSRB
1000,0.7704265638602164,0.572962962962963,0.8792063492063492,0.951464766429137
