step,Cars,EuroSAT,RESISC45,GTSRB
1000,0.021763462255938316,0.3788888888888889,0.1434920634920635,0.9170229612034838
